{
    "run_time_days": 2,
    "log_to_postgres": 1,
    "console_log_level": 20,
    "file_log_level": 20,
    "pg_log_level": 10,
    "devices": {
        "grid_controllers": [
            {
                "device_id": "gc_1",
                "device_type": "grid_controller",
                "static_price": false,
                "battery": {
                    "device_id": "battery_1",
                    "device_type": "battery",
                    "capacity": 2000.0,
                    "status_logic_class_name": "LogicB"
                }
            }
        ],
        "power_sources": [
            {
                "device_id": "pv_1",
                "uuid": 1,
                "grid_controller_id": "gc_1",
                "device_type": "pv",
                "capacity": 2000,
                "price": 0.1
            },
            {
                "device_id": "utility_meter_1",
                "uuid": 2,
                "grid_controller_id": "gc_1",
                "device_type": "utility_meter",
                "capacity": 5000.0,
                "schedule": [
                    [0, "on"]
                ],
                "price_schedule": [
                    [0, 0.1]
                ]
            }
        ],
        "euds": [
            {
                "device_id": "eud_1",
                "uuid": 1,
                "device_type": "air_conditioner_simple",
                "grid_controller_id": "gc_1",
                "max_power_output": 1000.0,
                "precooling": {
                    "enabled": false,
                    "price_threshold": 0.10
                },
                "schedule": [
                    [0, "on"]
                ],
                "set_point_schedule": [
                    {"price": 0.10, "set_point": 22.0}
                    
                ]   
            },
            {
                "device_id": "eud_2",
                "uuid": 2,
                "device_type": "air_conditioner_simple",
                "grid_controller_id": "gc_1",
                "max_power_output": 500.0,
                "precooling": {
                    "enabled": false,
                    "price_threshold": 0.10
                },
                "schedule": [
                    [0, "on"]
                ],
                "set_point_schedule": [
                    {"price": 0.10, "set_point": 21.0}
                ]
            },
            {
                "device_id": "eud_3",
                "uuid": 3,
                "device_type": "eud",
                "grid_controller_id": "gc_1",
                "max_power_output": 500.0,
                
                "schedule": [
                    [0, "off"], [6, "on"], [8, "off"], [18, "on"]
                ]
            },
            {
                "device_id": "eud_4",
                "uuid": 4,
                "device_type": "eud",
                "grid_controller_id": "gc_1",
                "max_power_output": 200.0,
                "constant_power_output": true,
                "schedule": [
                    [0, "on"], [7, "off"], [17, "on"], [7, "off"], [17, "on"]
                ]
            },
            
            {
                "device_id": "fx_1",
                "uuid": 5,
                "device_type": "eud",
                "grid_controller_id": "gc_1",
                "max_power_output": 100.0,
                "constant_power_output": true,
                "schedule": [[0, "on"]]
            }
        ]
    }
}
