{"run_time_days":2,"log_to_postgres":1,"console_log_level":20,"file_log_level":20,"pg_log_level":10,"devices":{"grid_controllers":[{"device_id":"gc_1","device_type":"grid_controller","net_meter_logic":true,"battery":{"device_id":"battery_1","device_type":"battery","capacity":2000,"status_logic_class_name":"LogicB","max_charge_rate":500}}],"power_sources":[{"device_id":"pv_1","uuid":1,"grid_controller_id":"gc_1","device_type":"pv","capacity":2000,"price":0.05},{"device_id":"utility_meter_1","uuid":2,"grid_controller_id":"gc_1","device_type":"utility_meter","capacity":5000,"schedule":[[0,"on"]],"price_schedule":[[0,0.1],[11,0.05],[15,0.1],[17,0.15],[23,0.1]]},{"device_id":"umb_1","grid_controller_id":"gc_1","device_type":"utility_meter_buyer","capacity":0,"static_price":false,"max_buy_capacity":1500,"schedule":[[0,"on"]],"price_schedule":[[0,0.1],[11,0.05],[15,0.1],[17,0.15],[23,0.1]]}],"euds":[{"device_id":"eud_1","uuid":1,"device_type":"air_conditioner_simple","grid_controller_id":"gc_1","max_power_output":1000,"precooling":{"enabled":true,"price_threshold":0.1},"schedule":[[0,"on"]],"set_point_schedule":[{"price":0.15,"set_point":30},{"price":0.1,"set_point":22},{"price":0.05,"set_point":18}]},{"device_id":"eud_2","uuid":2,"device_type":"air_conditioner_simple","grid_controller_id":"gc_1","max_power_output":500,"precooling":{"enabled":true,"price_threshold":0.1},"schedule":[[0,"on"]],"set_point_schedule":[{"price":0.15,"set_point":29},{"price":0.1,"set_point":21},{"price":0.05,"set_point":17}]},{"device_id":"eud_3","uuid":3,"device_type":"eud","grid_controller_id":"gc_1","max_power_output":500,"price_dim_start":0.1,"price_dim_stop":0.2,"price_off":0.3,"schedule":[[0,"off"],[6,"on"],[8,"off"],[18,"on"]]},{"device_id":"eud_4","uuid":4,"device_type":"eud","grid_controller_id":"gc_1","max_power_output":200,"price_dim_start":0.1,"price_dim_stop":0.2,"price_off":0.3,"schedule":[[0,"on"],[7,"off"],[17,"on"],[7,"off"],[17,"on"]]},{"device_id":"fx_1","uuid":5,"device_type":"eud","grid_controller_id":"gc_1","max_power_output":100,"constant_power_output":true,"schedule":[[0,"on"]]}]}}
